address,latitude,longitude
"Athens, AL Supercharger, 21282 Athens-Limestone Blvd, Athens, AL 
",34.7854036,-86.942821
"Auburn Alabama Supercharger, 1627 Opelika Road, Auburn, AL 36830
",32.6276348,-85.4449751
"Birmingham, AL Supercharger, 2221 Richard Arrington Junior Blvd, Birmingham, AL 35203-1103
",33.5254609,-86.8086177
"Greenville Supercharger, 219 Interstate Drive, Greenville, AL 36037
",31.8559218,-86.6358447
"Mobile Supercharger, 3201 Airport Blvd, Mobile, AL 36606
",30.6715826,-88.1184304
"Oxford, AL Supercharger, 1105 Oxford Exchange Blvd, Oxford, AL 36203-0000
",33.609978,-85.782081
"Steele Supercharger, 905 Steele Station Road, Steele, AL 35987
",33.9338611,-86.1916401
"Buckeye, AZ Supercharger, 416 S Watson Rd, Buckeye, AZ 85326
",33.443028,-112.556885
"Casa Grande, AZ Supercharger, 2453 E. Florence Blvd., Casa Grande, AZ 85194
",32.8790884,-111.6815833
"Cordes Lakes, AZ Supercharger, 14925 Cordes Lakes Rd, Mayer, AZ 86333
",34.327476,-112.1184772
"Flagstaff, AZ Supercharger, 2650 South Beulah Blvd, Flagstaff, AZ 86001
",35.174181,-111.6632068
"Gila Bend, AZ Supercharger, 826 W Pima St., Gila Bend, AZ 85337
",32.9437151,-112.7340117
"Holbrook, AZ Supercharger, 2096 Navajo Blvd, Holbrook, AZ 86025
",34.9230654,-110.1455519
"Kingman, AZ Supercharger, 789 W Beale St, Kingman, AZ 86401
",35.1913365,-114.0656212
"Page Supercharger, 600 Clubhouse Drive, Page, AZ 86040
",36.924956,-111.468039
"Quartzsite, AZ Supercharger, 1451 West Main St, Quartzsite, AZ 85346
",33.6607781,-114.2417203
"Scottsdale, AZ - N. Scottsdale Road Supercharger, 15059 N. Scottsdale Rd, Scottsdale, AZ 85254-2421
",33.6235198,-111.9229977
"Tucson, AZ Supercharger, 9255 S Rita Rd, Tucson, AZ 85747
",32.0842871,-110.8036261
"Wickenburg, AZ Supercharger, 155 N Tegner, Wickenburg, AZ 85390
",33.9702356,-112.7314863
"Willcox, AZ Supercharger, 1251 Virginia Avenue, Willcox,  85643-1022
",32.2697597,-109.8456809
"Yuma, AZ Supercharger, 310 N Madison Ave, Yuma, AZ 85364
",32.726656,-114.6191637
"Little Rock Supercharger, 11201 Bass Pro Parkway, Little Rock, AR 
",34.6609511,-92.4079485
"Atascadero, CA Supercharger, 6950 El Camino Real, Atascadero, CA 93422
",35.4863681,-120.6656
"Baker, CA Supercharger, 71808 Baker Blvd, Baker, CA 92309-0000
",35.2627028,-116.0809395
"Bakersfield Supercharger, 29541 Stockdale Hwy, Bakersfield, CA 93314
",35.3546585,-119.3316814
"Barstow Supercharger, 2812 Lenwood Road, Barstow, CA 92311
",34.8491478,-117.0854117
"Buellton, CA Supercharger, 555 McMurray Rd, Buellton, CA 93427
",34.614627,-120.188643
"Buena Park Supercharger, 6692 Auto Center Drive, Buena Park, CA 90621
",33.8636442,-117.9905884
"Burbank - North Third Street, 495 North Third Street, Burbank, CA 91502
",34.1849124,-118.3117213
"Buttonwillow Supercharger, 20673 Tracy Ave., Buttonwillow, CA 93206
",35.4000972,-119.3977561
"Cabazon Supercharger, 48400 Seminole Drive, Cabazon, CA 92230
",33.9313268,-116.820061
"Corning, CA Supercharger, 950 Hwy 99 W, Corning, CA 96021
",39.9264575,-122.1983849
"Crescent City Supercharger, 1000 Front Street, Crescent City, CA 95531
",41.7525238,-124.1944671
"Culver City Supercharger, 6000 Sepulveda Blvd., Culver City, CA 90230
",33.9866751,-118.3902379
"Dublin-Amador Plaza, 6701 Amador Plaza Road, Dublin, CA 94568
",37.7028478,-121.9250813
"El Centro Supercharger, 3551 S Dogwood Rd, El Centro, CA 92243
",32.7608468,-115.5324472
"Eureka Supercharger, 3300 Broadway St., Eureka, CA 95501
",40.7787612,-124.1884423
"Fish Camp Supercharger, 1122 Highway 41, Fish Camp, CA 93623
",37.4737761,-119.6358808
"Folsom - Palladio Parkway Supercharger, 220 Palladio Parkway, Folsom, CA 95630
",38.64714,-121.118423
"Folsom, CA - Iron Point Road Supercharger, 220 Iron Point Rd, Folsom, CA 95630
",38.6422743,-121.188212
"Fountain Valley Supercharger, 17940 Newhope St, Fountain Valley, CA 92708
",33.7027789,-117.9341991
"Fremont, 45500 Fremont Blvd, Fremont, CA 94538
",37.4960108,-121.9482053
"Fresno Supercharger, 6709 N Riverside Dr, Fresno, CA 93722
",36.8354357,-119.9105572
"Gilroy Supercharger, Gilroy Premium Outlets, Gilroy, CA 95020
",37.0244042,-121.5653015
"Groveland Supercharger, 11875 Ponderosa Lane, Groveland, CA 95321
",37.8387456,-120.2318111
"Gustine Supercharger, 12411 CA-33, Gustine, CA 95322
",37.1093757,-121.0175502
"Harris Ranch Supercharger, 24505 W Dorris Ave, Coalinga, CA 93210
",36.2541698,-120.2378374
"Indio Supercharger, 42100 Jackson St, Indio, CA 92203
",33.741313,-116.215011
"Inyokern Supercharger, 1353 Brown Road, Inyokern, CA 93527
",35.6464397,-117.8126621
"Kettleman City, CA Supercharger, 27675 Bernard Drive, Kettleman City, CA 93239
",35.9877522,-119.9619779
"Lone Pine Supercharger, 701 S Main St, Lone Pine, CA 93545
",36.6008275,-118.0617151
"Los Angeles Supercharger, 1 Rocket Rd, Hawthorne, CA 90250
",33.9209838,-118.3299825
"Mammoth Lakes Supercharger, 1475 Tavern Road, Mammoth Lakes, CA 93546
",37.644518,-118.965497
"Manteca Supercharger, 960 Perimeter Dr, Manteca, CA 95337
",37.782622,-121.2286793
"Mojave Supercharger, 16940 California 14, Mojave, CA 93501
",35.06877,-118.1742072
"Monterey Supercharger, 1410 Del Monte Center, Monterey, CA 93940-6168
",36.5857686,-121.8987092
"Monterey-Seaside, 1901 Del Monte Blvd, Seaside, CA 93955
",36.6171238,-121.8438038
"Mountain View Supercharger, 1401 N. Shoreline Blvd., Mountain View, CA 94043
",37.4153149,-122.076656
"Mt. Shasta Supercharger, 111 Morgan Way, Mt. Shasta, CA 96067
",41.3101262,-122.3175028
"Mt. Shasta, CA - 134 Morgan Way Supercharger, 134 Morgan Way, Mt. Shasta, CA 96067-2501
",41.3103226,-122.3159343
"Napa Supercharger, 221 Devlin Rd, Napa, CA 94558
",38.2355453,-122.2638788
"Needles Supercharger, 2451 Needles HWY, Needles, CA 92363
",34.8507687,-114.6243216
"Oxnard Supercharger, 2751 Park View Ct, Oxnard, CA 93036
",34.2380515,-119.177996
"Petaluma Supercharger, 401 Kenilworth Drive, Petaluma, CA 94952
",38.2427257,-122.6251003
"Rancho Cucamonga Supercharger, 12642 Cultural Center Dr., Rancho Cucamonga, CA 91739
",34.1137365,-117.5293784
"Redondo Beach Supercharger, 2410 Marine Avenue, Redondo Beach, CA 90278
",33.8942472,-118.3673906
"Riverside, CA Supercharger, 3370 9th St, Riverside,  92501
",33.9815202,-117.3760966
"Roseville, CA Supercharger, 1151 Galleria Blvd, Roseville, CA 95678
",38.7714159,-121.2662196
"Sacramento, CA Supercharger, 3668 N. Freeway Blvd, Sacramento, CA 95834-0000
",38.6377808,-121.4970496
"Sacramento-Rocklin, 4361 Granite Drive, Rocklin, CA 95677
",38.800372,-121.2107105
"Salinas, CA Supercharger, 1606 North Main Street, Salinas, CA 93906-5102
",36.7156358,-121.6539541
"San Clemente, CA Supercharger, 101 West Avenida Vista Hermosa, San Clemente, CA 92672-7706
",33.4367795,-117.6268917
"San Diego Supercharger, 10155 Pacific Heights Blvd, San Diego, CA 92121
",32.9021234,-117.1935467
"San Juan Capistrano, CA Supercharger, 31971 Camino Capistrano, San Juan Capistrano, CA 92675
",33.4984393,-117.6631115
"San Mateo Supercharger, 1200 Park Place, San Mateo, CA 94403
",37.5446839,-122.2901514
"San Mateo, CA - Bridgepointe Pkwy Supercharger, 2220 Bridgepointe Pkwy, San Mateo, CA 94404-1569
",37.558265,-122.284412
"Santa Ana Supercharger, 2800 N. Main Street, Santa Ana, CA 92705-6607
",33.775866,-117.87198
"Tejon Ranch Supercharger, 5602 Dennis McCarthy Dr, Lebec, CA 93243
",34.9871993,-118.946181
"Temecula Supercharger, 40820 Winchester Rd., Temecula, CA 92591
",33.5240839,-117.1525876
"Truckee Brockway Road Supercharger, 11209 Brockway Road, Truckee, CA 96161
",39.3218493,-120.1621572
"Truckee Donner Pass Supercharger, 11290 Donner Pass Rd, Truckee, CA 96161
",39.3275233,-120.2074168
"Twentynine Palms Supercharger, 73829 Baseline Road, Twentynine Palms, CA 92277-4125
",34.120513,-116.053149
"Ukiah Supercharger, 250 W Clay St., Ukiah, CA 95482
",39.148006,-123.2085267
"Vacaville Supercharger, 321 Nut Tree Road, Vacaville, CA 95687
",38.3666054,-121.9583271
"Yermo, CA Supercharger, 36017 Calico Road, Yermo, CA 92398
",34.9072118,-116.834431
"Brush Supercharger, 1156  CO-71, Brush, CO 80723-2902
",40.2713833,-103.622438
"Colorado Springs Supercharger, 215 North Cascade Avenue, Colorado Springs, CO 80903
",38.8373289,-104.8245869
"Denver, CO Supercharger, 4310 Airport Way, Denver, CO 80239
",39.7747926,-104.7951577
"Glenwood Springs, CO Supercharger, 125 Wulfsohn Rd, Glenwood Springs, CO 81601
",39.5526701,-107.3401701
"Grand Junction, CO Supercharger, 2424 U.S-6, Grand Junction, CO 81505
",39.0907153,-108.6042458
"Limon, CO Supercharger, 2221 6th St., Limon, CO 80828
",39.2690403,-103.7085376
"Lone Tree, CO - Park Meadows Center Drive, 8401 Park Meadows Center Drive, Lone Tree, CO 80124-5128
",39.562641,-104.876604
"Loveland Supercharger, 4705 Clydesdale Parkway, Loveland, CO 80538-9347
",40.441435,-104.991124
"Silverthorne, CO Supercharger, 309 Rainbow Dr, Silverthorne, CO 80498
",39.6314114,-106.0708633
"Trinidad Supercharger, 9960 Santa Fe Trail, Trinidad, CO 81082
",37.1338292,-104.5197723
"Darien, CT North Supercharger, I-95 North after exit 12, Darien, CT 06820
",41.0802962,-73.4613145
"Darien, CT South Supercharger, I-95 South after exit 10, Darien, CT 06820
",41.0673152,-73.5049202
"Greenwich, CT North Supercharger, 3000 Merritt Parkway, Greenwich, CT 6830
",41.0415934,-73.6716664
"Greenwich, CT South Supercharger, 2000 Merritt Parkway, Greenwich, CT 6830
",41.0405492,-73.6735405
"Manchester, CT Supercharger, 1470 Pleasant Valley Road, Manchester, CT 06042-8764
",41.80453,-72.562269
"Milford - Boston Post Road Supercharger, 1201 Boston Post Road, Milford, CT 6460
",41.2380106,-73.0361277
"Milford, CT North Supercharger, Milford Travel Plaza, Milford, CT 6460
",41.2457596,-73.0084526
"Milford, CT South Supercharger, Travel Plaza, Milford, CT 6460
",41.246293,-73.010422
"West Hartford Supercharger, 1445 New Britain Ave., West Hartford, CT 6110
",41.7226914,-72.7597388
"Lewes, DE Supercharger, 17663 Dartmouth Drive, Lewes, DE 19958-4203
",38.7443474,-75.153325
"Newark Supercharger, 530 JFK Memorial Highway, Newark, DE 19725
",39.6619802,-75.691442
"Brandon, FL Supercharger, 2400 W Brandon Blvd, Brandon, FL 33511
",27.9406603,-82.3235499
"DeFuniak Springs Supercharger, Corner of Baldwin Ave. & 10th Street, DeFuniak Springs, FL 32435
",30.7206306,-86.1167929
"Florida City Supercharger, 33505 South Dixie Hwy, Florida City, FL 
",25.456566,-80.474334
"Fort Drum Supercharger, 184 Florida's Turnpike, Okeechobee, FL 34972
",27.6006702,-80.8227979
"Fort Myers, FL Supercharger, Gulf Coast Town Center, Fort Myers, FL 33913
",26.4855933,-81.7872154
"Lake City, FL Supercharger, 2941 W US Hwy 90, Lake City, FL 32055
",30.1814649,-82.67957
"Live Oak Supercharger, 6458 US-129, Live Oak, FL 32060
",41.1159819,-101.7093734
"Marathon Supercharger, 9400 Overseas Hwy., Marathon, FL 33050
",24.7260508,-81.0479638
"Naples Supercharger, 499 Bayfront Place, Naples, FL 34102-6454
",26.144234,-81.789356
"Ocala, FL Supercharger, 4414 SW College Rd, Ocala, FL 34474
",29.1409854,-82.1939745
"Pinellas Park Supercharger, 3101 Gandy Blvd, Pinellas Park,  33782-6203
",27.846132,-82.678126
"Plantation Supercharger, 801 S. University Drive, Plantation, FL 33324
",26.1086188,-80.252316
"Port Orange, FL Supercharger, 5302 S. Williamson Blvd, Port Orange, FL 32128
",29.1085672,-81.0346024
"Port St. Lucie, FL Supercharger, 1701 NW Peacock Blvd, Port St. Lucie, FL 34986
",27.3129865,-80.4066887
"Sarasota Supercharger, 5903 Honore Ave, Sarasota, FL 34238
",27.3862115,-82.4641054
"St. Augustine, FL Supercharger, 2700 Florida 16, St. Augustine, FL 32092
",29.924282,-81.416044
"Tallahassee Supercharger, 3528 Thomasville Rd, Tallahassee, FL 32308
",30.5109641,-84.247929
"Turkey Lake Supercharger, Florida Turnpike, Turkey Lake, FL 32835
",28.5147396,-81.4992653
"West Melbourne, FL Supercharger, 206 Palm Bay Road, West Melbourne, FL 32904-0000
",28.0370321,-80.6641578
"West Palm Beach, 4651 Dyer Blvd, West Palm Beach, FL 33407
",26.7785209,-80.1089773
"Atlanta Supercharger, 1380 Atlantic Drive NW, Atlanta, GA 30363
",33.7927258,-84.3978715
"Atlanta-Decatur, 1580 Church St, Decatur, GA 30033
",33.7933949,-84.2851952
"Augusta, GA Supercharger, 1069 Stevens Creek Road, Augusta, GA 30907
",33.5147323,-82.0454413
"Kingsland Supercharger, 1190 East Boone Avenue, Kingsland, GA 31548
",30.7907732,-81.6637041
"Macon Georgia Supercharger, 450 Martin Luther King Jr Blvd, Macon, GA 31201
",32.8334571,-83.625825
"Savannah, GA Supercharger, 400 Airways Avenue, Savannah, GA 31408
",32.1358821,-81.2128235
"Tifton, GA Supercharger, 1204 U.S. 82, Tifton, GA 31794
",31.4493801,-83.5325236
"Boise Supercharger, 1426 South Entertainment Ave, Boise, ID 83709
",43.5916659,-116.279426
"Coeur d&#039;Alene Supercharger, 3458 N Fruitland Lane, Coeur d'Alene, ID 83815
",47.7088449,-116.7929138
"Idaho Falls Supercharger, 940 Pier View Drive, Idaho Falls, ID 83402
",43.4851412,-112.0520928
"Pocatello Supercharger, 1399 Bench Road, Pocatello, ID 83201
",42.9001361,-112.4346964
"Twin Falls Supercharger, 2015 Neilsen Point Place, Twin Falls, ID 83301
",42.5983499,-114.4557012
"Bolingbrook Supercharger, 755 E. Boughton Road, Bolingbrook, IL 60440-2250
",41.7221714,-88.0374394
"Champaign, IL	 Supercharger, 2401 North Prospect Avenue, Champaign, IL 61822
",40.1462155,-88.2596742
"Chicago, IL - North Broadway Supercharger, 3030 North Broadway, Chicago, IL 60657
",41.9372302,-87.6450195
"Chicago, IL - North Columbus Drive Supercharger, 225 North Columbus Drive, Chicago, Illinois 60601-7910
",41.886509,-87.619718
"Chicago, IL - South Canal Street Supercharger, 1100 South Canal Street, Chicago, IL 60607
",41.869125,-87.639969
"Chicago-Highland Park, 1200 Old Skokie Valley Road, Highland Park, IL 60035
",42.1744101,-87.8164252
"Country Club Hills, IL Supercharger, 4201 167th St., Country Club Hills, IL 60478
",41.5852821,-87.7213144
"Effingham Supercharger, 1200 N. Keller Drive, Effingham, IL 62401
",39.137114,-88.563485
"Mt. Vernon Supercharger, 222 Potomac Blvd., Mt. Vernon, IL 62864-6750
",38.3163033,-88.9559061
"Normal, IL Supercharger, 11 Uptown Circle, Normal, IL 61761
",40.508403,-88.985013
"North Aurora Supercharger, 151 Hansen Blvd, North Aurora, IL 60542
",41.8043747,-88.3696052
"Peru, IL Supercharger, 1651 Midtown Road, Peru, IL 61354
",41.3484067,-89.1261052
"Rockford, IL Supercharger, 7200 Harrison Ave, Rockford, IL 61112
",42.2438647,-88.9788851
"Rolling Meadows, IL Supercharger, 1301 Meijer Drive, Rolling Meadows, IL 60008-4205
",42.0479199,-87.9963991
"Skokie, IL Supercharger, 5507 Touhy Avenue, Skokie, IL 60077
",42.008862,-87.763353
"Springfield Illinois Supercharger, 3801 S. MacArthur Blvd., Springfield, IL 62704
",39.7488702,-89.6711734
"Angola, IN Supercharger, 3855 Indiana 127, Angola, IN 46703
",41.699078,-85.000345
"Fort Wayne, IN Supercharger, 6309 Lima Road
",41.1385059,-85.1634187
", Fort Wayne, IN 46818
",41.1614273,-85.2101269
"Indianapolis, IN Supercharger, 5120 Victory Dr, Indianapolis, IN 46201
",39.7023237,-86.0796094
"Lafayette, IN Supercharger, 4901 State Rd. 26E, Lafayette, IN 47905
",40.4161118,-86.8140902
"Mishawaka, IN Supercharger, 6501 Grape Rd, Mishawaka, IN 46545
",41.7172844,-86.1886344
"Terre Haute, IN Supercharger, 5600 E. New Margaret Dr., Terre Haute, IN 47803
",39.4433077,-87.3315926
"Coralville Supercharger, 1914 8th Street, Coralville, IA 52241
",41.6804592,-91.5913841
"Council Bluffs Supercharger, 3815 Metro Drive, Council Bluffs, IA 51501
",41.2210548,-95.835676
"Davenport Supercharger, 4064 E 53rd St, Davenport, IA 52807
",41.5770374,-90.5133056
"Dows Supercharger, 904 Cardinal Lane, Dows,  50071-8004
",42.6740162,-93.4627278
"West Des Moines Supercharger, 1725 Jordan Creek Parkway, West Des Moines, IA 50266
",41.5990504,-93.8062343
"Colby, KS Supercharger, 700 E Horton Ave, Colby, KS 67701-3746
",39.361342,-101.054067
"Goodland, KS Supercharger, 2631 Enterprise Rd, Goodland, KS 67735
",39.3262621,-101.7251171
"Hays, KS Supercharger, 4101 Vine St, Hays, KS 67601
",38.9005228,-99.3192454
"Salina, KS Supercharger, 755 W. Diamond Dr., Salina, KS 67401
",38.8770712,-97.6187099
"Topeka, KS Supercharger, 5930 SW Huntoon St, Topeka, KS 66614
",39.0440498,-95.7602249
"Wichita Kansas Supercharger, 4760 S. Broadway Street, Wichita, KS 67216
",37.6088175,-97.3331591
"Bowling Green  Supercharger, 1676 Westpark Drive, Bowling Green, KY 42104
",36.9552059,-86.4388881
"Kuttawa Supercharger, 62 Days Inn Dr, Kuttawa, KY 42055-5954
",37.0734956,-88.1247644
"Lexington Supercharger, 2155 Paul Jones Way, Lexington, KY 40509
",38.01826,-84.4219049
"London Supercharger, 140 Faith Assembly Church Road, London, KY 40741
",37.1483951,-84.1131509
"Louisville Supercharger, 2120 Gardiner Ln, Louisville, KY 40205
",38.2119875,-85.6731875
"Alexandria Supercharger, 701 4th Street, Alexandria, LA 71301
",31.3124929,-92.4464928
"Baton Rouge Supercharger, 3535 Perkins Road, Baton Rouge, LA 70808
",30.4237163,-91.1546105
"Lake Charles Supercharger, 1772 W Prien Lake Road, Lake Charles, LA 70601
",30.1990691,-93.2488253
"Monroe Supercharger, 4919 Pecanland Mall Drive, Monroe, LA 71203
",32.4965864,-92.0551213
"Shreveport Supercharger, 1133 St. Vincent Ave., Shreveport, LA 71104
",32.4785803,-93.7543878
"Slidell Supercharger, 1303 Town Center Pkwy, Slidell, LA 70458
",30.2665544,-89.7601153
"Augusta, ME Supercharger, 197 Civic Center Drive, Augusta, ME 4330
",44.347876,-69.78639
"Brewer Supercharger, 5 Walton Dr, Brewer, ME 4412
",44.7757839,-68.7346151
"Freeport, ME Supercharger, 95 Main Street, Freeport, ME 04032-1217
",43.8588284,-70.1041564
"Aberdeen Supercharger, I-95 Aberdeen, Maryland, Aberdeen, MD 21001-0000
",39.4980145,-76.2312527
"Gaithersburg, MD Supercharger, 9811 Washingtonian Blvd, Gaithersburg, MD 20878-7306
",39.11576,-77.197664
"Grasonville Supercharger, 108 Jackson Creek Road, Grasonville, MD 21638-1086
",38.9656858,-76.2208241
"Hagerstown, MD Supercharger, 495 Prime Outlets Blvd, Hagerstown, MD 21740
",39.6058643,-77.7333653
"La Vale Supercharger, 11601 Winchester Road, La Vale, MD 21502
",39.636368,-78.8457351
"Laurel Supercharger, 14700 Baltimore Ave, Laurel, MD 20707
",39.0953567,-76.8582546
"National Harbor, MD Supercharger, 165 Waterfront Street, National Harbor, MD 20745
",38.7857666,-77.0158114
"North East, MD Supercharger, John F Kennedy Memorial Hwy, North East, MD 21901-0000
",39.6120075,-76.0099733
"Salisbury, MD Supercharger, 2300 North Salisbury Blvd., Salisbury, MD 21801
",38.4017573,-75.5649231
"Auburn Massachusetts Supercharger, 385 Southbridge St., Auburn, MA 1501
",42.203767,-71.8329617
"Boston Supercharger, 800 Boylston Street, Boston, Massachusetts 02199
",42.3503774,-71.0709538
"Boston, MA - Allstate Road Supercharger, 101 Allstate Road, Boston, MA 02125-1663
",42.325196,-71.062742
"Cambridge, MA Supercharger, 100 Cambridgeside Place, Cambridge, MA 02141-2215
",42.3683613,-71.0770296
"Dedham, 840 Providence Highway, Dedham, MA 2026
",42.2358895,-71.1782023
"Lee Supercharger, 10 Pleasant St., Lee, MA 1238
",42.2955615,-73.2393218
"Leominster, MA Supercharger, 100 Commercial Road, Leominster, MA 01453-3333
",42.5296437,-71.7440867
"Sagamore Beach, MA Supercharger, 22 Meetinghouse Ln, Sagamore Beach, MA 2562
",41.7811145,-70.5402058
"West Springfield Supercharger, 935 Riverdale Street, West Springfield, MA 1089
",42.1309041,-72.6214274
"Ann Arbor Supercharger, 3145 Ann Arbor-Saline Road, Ann Arbor, MI 48103
",42.241177,-83.7666964
"Bay City Supercharger, 2980 E Wilder Rd, Bay City, MI 48706-9213
",43.622061,-83.932239
"Cadillac Supercharger, 8605 E. 34 Road, Cadillac, MI 49601
",44.2839013,-85.4048223
"Grand Rapids Supercharger, 5531 28th Street SE, Grand Rapids, MI 49512
",42.9141968,-85.533199
"Lansing Supercharger, 2025 Showtime Drive, Lansing, MI 48912
",42.7665658,-84.5145742
"Livonia, MI Supercharger, 13070 Middlebelt Rd, Livonia, MI 48150-0000
",42.2955615,-73.2393218
"Ludington Supercharger, 3900 W US Hwy 10, Ludington, MI 49431-7612
",43.957093,-86.376184
"Marshall Supercharger, 15252 US Highway 27 N, Marshall, MI 49068-9620
",42.2920477,-84.9641597
"Port Huron Supercharger, 500 Thomas Edison Parkway, Port Huron, MI 48060
",42.9987838,-82.4289369
"Roseville, MI Supercharger, 30800 Little Mack Avenue, Roseville, MI 48066-1700
",42.5220382,-82.9068355
"St. Joseph, MI Supercharger, 3260 Niles Rd, St. Joseph, MI 49085
",42.0563781,-86.4564395
"Traverse City Supercharger, 3955 US Highway 31 South, Traverse City, Michigan 49684
",44.7431487,-85.6442667
"Albert Lea, MN Supercharger, 811 E Plaza St, Albert Lea, MN 56007
",43.686038,-93.3577618
"Baxter Supercharger, 6967 Lake Forest Road, Baxter, MN 56425
",46.3790458,-94.2553266
"Clearwater Supercharger, 950 MN-24, Clearwater, MN 55320
",45.4118695,-94.0548724
"Duluth Supercharger, 200 West 1st Street, Duluth, MN 55802
",46.7850379,-92.1020207
"Hinckley Supercharger, 404 Fire Monument Road, Hinckley, MN 55037
",46.0103586,-92.9307228
"Oakdale Supercharger, 7180 10th St N, Oakdale, MN 55128
",44.9648202,-92.9603832
"Rochester, MN Supercharger, 500 Crossroads Dr, Rochester, MN 55902-2183
",44.0063523,-92.4708986
"Sherburn, MN Supercharger, 600 MN-4 , Sherburn, MN 56171-0000
",43.661512,-94.732823
"Worthington, MN Supercharger, 1290 Ryans Rd, Worthington, MN 56187
",43.633899,-95.5956077
"Grenada Supercharger, 2030 Sunset Dr, Grenada, MS 38901-2826
",33.787408,-89.849546
"Meridian Supercharger, 1210 Bonita Lakes Drive, Meridian, MS 39301
",32.3585212,-88.6720275
"Pearl, MS Supercharger, 200 Bass Pro Drive, Pearl, MS 39208
",32.2742158,-90.1510204
"Tupelo Supercharger, 1001 Barnes Crossing Rd, Tupelo, MS 38804-0902
",34.311523,-88.7008222
"Columbia Supercharger, 915 Port Way, Columbia, MO 65201
",38.9577986,-92.252745
"Independence Supercharger, 18011 E Bass Pro Drive, Independence, MO 64055
",39.0407608,-94.3691817
"Joplin Supercharger, 3615 Range Line Rd., Joplin, MO 64804-4447
",37.047598,-94.4734
"Miner Supercharger, 2612 E Malone Ave., Miner, MO 63801
",36.8932275,-89.5341003
"Osage Beach Supercharger, 929 Hwy D, Osage Beach, MO 65065-3169
",38.161642,-92.60676
"Rolla Supercharger, 1705 Martin Springs Drive, Rolla, MO 65401
",37.9400315,-91.8016435
"Springfield, MO Supercharger, 3050 N. Kentwood Ave., Springfield, MO 65803-4414
",37.2521094,-93.2652146
"St. Charles Supercharger, 2021 Zumbehl Road, St. Charles, MO 63303
",38.7821175,-90.5328302
"Big Timber, MT Supercharger, 228 Big Timber Loop Rd, Big Timber, MT 59011
",45.8361527,-109.9432712
"Billings, MT Supercharger, 1801 Majestic Ln, Billings, MT 59102
",45.734061,-108.604939
"Bozeman, MT Supercharger, 2023 Commerce Way, Bozeman, MT 59715
",45.7000783,-111.0632817
"Butte Supercharger, 2900 Harrison Ave., Butte, MT 59701
",45.9812236,-112.5070623
"Lima, MT Supercharger, 108 Bailey Street, Lima, MT 59739
",44.6324017,-112.591814
"Missoula Supercharger, 5280 Grant Creek Rd, Missoula, MT 59808
",46.9143839,-114.0319568
"Superior Supercharger, 205 4th Ave. East, Superior, MT 59872
",47.1921337,-114.8887046
"West Yellowstone Supercharger, , West Yellowstone, MT 59758
",44.656336,-111.099136
"Gothenburg Supercharger, 318 Platte River Road, Gothenburg, NE 69138-2610
",40.9173756,-100.1705363
"Grand Island Supercharger, 3335 West Wood River Road, Grand Island, NE 68803-9117
",40.829971,-98.379825
"Lincoln, NE Supercharger, 5020 N 27th Street, Lincoln, NE 68521-1196
",40.860876,-96.679665
"Ogallala Supercharger, 501 Stagecoach Trail, Ogallala, NE 69153-3118
",41.1159819,-101.7093734
"Sidney Supercharger, 645 Cabela Drive, Sidney, NE 69162-3047
",41.115364,-102.949629
"Beatty, NV Supercharger, 900 Hwy 95 N, Beatty, NV 89003
",36.9137178,-116.7543855
"Elko Supercharger, 2755 Mountain City Highway, Elko, NV 89801
",40.8383539,-115.7945076
"Gardnerville Supercharger, 1979 US 395, Gardnerville, NV 89410
",38.6949013,-119.5480737
"Hawthorne Supercharger, 705 Hwy 362 Hawthorne, Hawthorne, NV 89415
",38.5337637,-118.6225802
"Las Vegas Blvd South Supercharger, 6509 S Las Vegas Blvd, Las Vegas, NV 89119-3240
",36.070731,-115.172893
"Las Vegas, NV Supercharger, 701 Bridger Ave, Las Vegas, NV 89101
",36.1659335,-115.1386868
"Lovelock Supercharger, 150 Main St., Lovelock, NV 89419
",40.1794715,-118.4721493
"Primm Supercharger, 31900 Las Vegas Blvd S, Primm, NV 89019
",35.6106337,-115.387942
"Reno Supercharger, 3800 S Virginia St., Reno, NV 89502
",39.48967,-119.7944163
"Stateline Supercharger, 50 US-50, Stateline, NV 89449
",38.9634249,-119.9404863
"Tonopah Supercharger, 171 Main St., Tonopah, NV 89049
",38.0697287,-117.2321757
"West Wendover Supercharger, 810 W Wendover Blvd., West Wendover, NV 89883
",40.7383713,-114.0589646
"Winnemucca Supercharger, 1985 W Winnemucca Blvd., Winnemucca, NV 89446
",40.9582889,-117.747457
"Hooksett (Northbound) Supercharger, Northbound I-93, Hooksett, NH 3106
",43.1090377,-71.477985
"Hooksett (Southbound) Supercharger, Southbound I-93, Hooksett, NH 3106
",43.1090377,-71.477985
"Lincoln Supercharger, 22 South Mountain, Lincoln, NH 3251
",44.0426845,-71.6675667
"Seabrook Supercharger, 700 Lafayette Road, Seabrook, NH 3874
",42.8952395,-70.8693214
"West Lebanon Supercharger, 285 N. Plainfield Road, West Lebanon, NH 3784
",43.6235273,-72.3257336
"Burlington, NJ Supercharger, 2060 US-130, Burlington, New Jersey 08016-0000
",40.101754,-74.793277
"Cranbury Supercharger, Mile Marker 71.7 New Jersey Turnpike, Cranbury, NJ 8512
",40.3223922,-74.4867958
"East Brunswick Supercharger, Mile Marker 78 New Jersey Turnpike North, East Brunswick, NJ 8816
",40.415898,-74.444711
"Edison, NJ Supercharger, 55 Parsonage Rd., Edison, NJ 8837
",40.5445771,-74.334005
"Egg Harbor Township Supercharger, 3121 Fire Road, Egg Harbor Township, NJ 8234
",39.3935758,-74.5624951
"Hamilton Township Supercharger, 425 Market Place Blvd, Hamilton, NJ 8691
",40.1953629,-74.6408666
"Paramus-Route 17, 530 Route 17 N, Paramus, NJ 07652
",40.957558,-74.0738599
"Tinton Falls Supercharger, 1 Premium Outlets Blvd, Tinton Falls, NJ 7753
",40.2263308,-74.0935212
"Albuquerque Supercharger, 2600 Menaul Blvd NE, Albuquerque, NM 87107
",35.1085337,-106.6128007
"Deming, NM Supercharger, 1695  US-180, Deming,  88030
",32.2812775,-107.7602212
"Farmington, NM Supercharger, 4200 Sierra Vista Drive, Farmington, NM 87402
",36.7663152,-108.1442322
"Gallup, NM Supercharger, 111 Twin Buttes Rd, Gallup, NM 87301
",35.5052093,-108.8289232
"Las Vegas, NM Supercharger, 2500 N. Grand Ave., Las Vegas, NM 87701
",35.6220194,-105.2054098
"Santa Fe Supercharger, 8380 Cerrillos Rd, Santa Fe, NM 87507-4415
",35.6118132,-106.0314473
"Santa Rosa Supercharger, 2516 Historic Route 66, Santa Rosa, NM 88435
",34.9469585,-104.648052
"Truth or Consequences Supercharger, 2201 F.G. Amin Street, Truth or Consequences, NM 87901
",33.155207,-107.2516455
"Tucumcari Supercharger, 2624 S Adams St., Tucumcari, NM 88401
",35.1539968,-103.7226463
"Albany, NY Supercharger, 131 Colonie Center, Albany, NY 12205
",42.7103294,-73.8190534
"Binghamton Supercharger, 1062 Front Street, Binghamton, NY 13905
",42.1455586,-75.901848
"Brooklyn, NY - N. 12th Street Supercharger, 113 N. 12th Street, Brooklyn, NY 11249
",40.7220823,-73.9571067
"Buffalo Supercharger, 4455 Transit Road, Buffalo, NY 14221
",42.9686616,-78.6955216
"Clinton Corners, NY Supercharger, 2300 Salt Point Turnpike, Clinton Corners,  12514-2025
",41.8254085,-73.770406
"Erwin Supercharger, 125 Victory Hwy, Erwin, NY 14870
",42.170993,-77.107701
"Guilderland Supercharger, 1 Crossgates Mall Road, Guilderland, NY 12203
",42.6887346,-73.8488901
"JFK - Queens, NY Supercharger, 150th Ave and 147th St, Queens, NY 11430
",40.6618426,-73.7928163
"Kingston Supercharger, 640 Washington Ave., Kingston, NY 12401
",41.9420462,-74.0273473
"Long Island-Syosset, 7 Aerial Way, Syosset, NY 11791
",40.8002455,-73.5153761
"Newburgh Supercharger, 1217 NY-300, Newburgh, NY 12550
",41.499575,-74.0713571
"Plattsburgh Supercharger, 60 Smithfield Blvd, Plattsburgh, NY 12901
",44.7045291,-73.4915802
"Queensbury Supercharger, 578 Aviation Road, Queensbury, NY 12804
",43.3281157,-73.6801264
"Southampton Supercharger, 850 County Road 39, Southampton, NY 11968
",40.8919416,-72.4269732
"Syracuse Supercharger, 441 Electronics Parkway, Liverpool, NY 13088
",43.102356,-76.1874912
"Tarrytown Supercharger, 600 White Plains Road, Tarrytown, NY 10591-5104
",41.0612753,-73.8373922
"Utica Supercharger, 50 Auert Ave., Utica, NY 13501
",43.113909,-75.2068247
"Victor Supercharger, 7979 Pittsford Victor Rd, Victor, NY 14564
",43.0286293,-77.4403256
"Waterloo Supercharger, 1133  Route 414, Waterloo, NY 13165
",42.9692527,-76.8460056
"Watertown Supercharger, 21182 Salmon Run Mall Loop W, Watertown, NY 13601
",43.979585,-75.9541569
"Asheville Supercharger, 800 Brevard Road, Asheville, NC 28806
",35.5313769,-82.6044956
"Burlington, NC Supercharger, 1080 Piper Ln, Burlington, NC 27215
",36.0708383,-79.5112418
"Charlotte Supercharger, 2720 W Mallard Creek Church Rd, Charlotte, NC 28262
",35.3412345,-80.7660375
"Fayetteville, NC Supercharger, 1965 Cedar Creek Road, Fayetteville, NC 28312
",35.0093466,-78.8223546
"Greensboro, NC Supercharger, 5421 Hornaday Road, Greensboro, NC 27407-2747
",36.059448,-79.908295
"Lumberton Supercharger, 5093 Fayetteville Rd., Lumberton, NC 28358
",34.6676128,-79.0022996
"Plymouth, NC Supercharger, 840 U.S. 64, Plymouth, NC 27962
",35.850645,-76.7561856
"Raleigh, NC Supercharger, Lassiter at North Hills Ave, Raleigh, NC 27609-5780
",35.835591,-78.642989
"Rocky Mount, NC Supercharger, 651 N. Winstead Avenue, Rocky Mount, NC 27804
",35.9733671,-77.8474349
"Wilmington Supercharger, 6835 Conservation Way, Wilmington, NC 28405-4191
",34.2414332,-77.8292436
"Cambridge, OH Supercharger, 2101 Southgate Parkway, Cambridge, OH 43725-3080
",40.0035546,-81.5750442
"Cincinnati, 9111 Blue Ash Road, Cincinnati, OH 45242
",39.2244613,-84.3838713
"Dayton, OH Supercharger, 9200 N Main Street, Dayton, OH 45415
",39.8584981,-84.2767599
"Grove City Supercharger, 2221 Stringtown Rd, Grove City, OH 43123
",39.8771507,-83.0634261
"Lima Supercharger, 1933 Roschman Ave., Lima, OH 45804
",40.7266786,-84.071909
"Macedonia, OH Supercharger, 8210 Macedonia Commons Blvd., Macedonia, OH 44056
",41.3137056,-81.5171086
"Maumee, OH Supercharger, 1391 Conant Street, Maumee, OH 43537
",41.5784031,-83.6647108
"Mt. Gilead Supercharger, 6200 State Route 95, Mt. Gilead, OH 43338-9548
",40.49379,-82.712827
"Toledo, OH Supercharger, 1500 E. Alexis Road, Toledo, OH 43612-3952
",41.7215472,-83.5092247
"Ardmore Supercharger, 322 Holiday Drive, Ardmore, OK 73401
",34.1791964,-97.1656429
"Catoosa Supercharger, 777 W. Cherokee St., Catoosa, OK 74015
",36.1676087,-95.7659662
"Oklahoma City Supercharger, 7624 West Reno Ave #380, Oklahoma City, OK 73127
",35.4616495,-97.6514487
"Perry Supercharger, 2812 Fir Street, Perry, OK 73077
",36.2889816,-97.3251718
"Weatherford Supercharger, 1301 N Airport Rd, Weatherford, OK 73096
",35.538453,-98.6597125
"Baker City Supercharger, 1 Sunridge Lane, Baker City, OR 97814
",44.7829944,-117.8124067
"Bandon Supercharger, 120 Michigan Ave. NE, Bandon, OR 97411
",43.121866,-124.3989539
"Bend Supercharger, 61535 S Highway 97, Bend, OR 97702
",44.03498,-121.3096462
"Detroit, OR Supercharger, 210 D Street, Detroit, OR 97342
",44.7370422,-122.1519933
"Grants Pass Supercharger, 1900 NW 6th St., Grants Pass, OR 97526
",42.4607571,-123.3232397
"Klamath Falls Supercharger, 2655 Shasta Way, Klamath Falls, OR 97603-4455
",42.2168951,-121.7564083
"Lincoln City Supercharger, 1500 SE East Devils Lake Rd., Lincoln City, OR 97367
",44.9577584,-124.010941
"Pendleton Supercharger, 46510 Wildhorse Blvd., Pendleton, OR 97801
",45.6465529,-118.6821347
"Sandy Supercharger, 16625 SE 362nd Dr., Sandy, OR 97055
",45.4028487,-122.2933586
"Seaside, OR Supercharger, 1111 N Roosevelt Dr, Seaside, OR 97138
",46.0010156,-123.9168257
"Springfield, OR Supercharger, 919 Kruse Way, Springfield, OR 97477
",44.0825865,-123.0374844
"The Dalles, OR Supercharger, 2114 West 6th Street, The Dalles, OR 97058
",45.6119667,-121.2083335
"Woodburn Supercharger, 255 N Arney Rd, Woodburn, OR 97071
",45.1530976,-122.8812868
"Allentown Supercharger, 4680 Broadway, Allentown, PA 18104
",40.58814,-75.5600883
"Bellefonte, PA Supercharger, 170 Buckaroo Ln, Bellefonte, PA 16823-9119
",40.912932,-77.737792
"Bloomsburg Supercharger, 11 Ricky Ave., Bloomsburg, PA 17815
",41.0161977,-76.492514
"Breezewood Supercharger, 16417 Lincoln Highway, Breezewood, PA 15533
",39.9999263,-78.239114
"Carlisle, PA Supercharger, 1720 Harrisburg Pike, Carlisle, PA 17015
",40.23335,-77.1194245
"Cranberry Township, PA Supercharger, 1308 Freedom Rd, Cranberry Township, PA 16066
",40.6838251,-80.1083864
"Erie Supercharger, 2225 Down Drive, Erie, PA 16509
",42.0499838,-80.0852803
"Falls Creek Supercharger, 1867 Rich Highway, Falls Creek,  15840-9515
",41.1408467,-78.7849763
"Franklin Park, PA Supercharger, 2615 Nicholson Road & Wexford Bayne Road, Franklin Park, PA 15143-8504
",40.613216,-80.100064
"Harrisburg Supercharger, 3819 Union Deposit Rd, Harrisburg, PA 17109
",40.2771131,-76.8232563
"Hermitage Supercharger, 2381 S. Hermitage Road, Hermitage, PA 16148
",41.2014126,-80.4557629
"Moosic Supercharger, 1035 Shoppes Blvd, Moosic, PA 18507-2140
",41.3626616,-75.6775772
"North Huntingdon, PA Supercharger, 7821 U.S. 30, North Huntingdon, PA 15642-0000
",40.314129,-79.671362
"Somerset, PA Supercharger, 1030 North Center Avenue, Somerset, PA 15501
",40.0175046,-79.0770474
"Tannersville Supercharger, 1000 Premium Outlets Dr, Tannersville, PA 18372
",41.045615,-75.3119729
"East Greenwich, RI Supercharger, 1000 Division St, East Greenwich, RI 2818
",41.660683,-71.4972155
"Columbia, SC Supercharger, 8910 Farrow Road, Columbia, SC 29203-9729
",34.106319,-80.950723
"Florence, SC Supercharger, 2701 David H McLeod Blvd, Florence, SC 29501-4043
",34.1901893,-79.8327048
"Greenville Supercharger, 108 Carolina Point, Greenville, SC 29605
",34.8259138,-82.3069919
"Myrtle Beach Supercharger, 2000 Coastal Grand Circle, Myrtle Beach, SC 29577-9798
",33.7043844,-78.9251774
"Santee, SC Supercharger, 114 Bradford Blvd, Santee, SC 29142
",33.4858684,-80.4757671
"Mitchell, SD Supercharger, 1305 W. Havens Street, Mitchell, SD 57301
",43.7011046,-98.0445004
"Murdo, SD Supercharger, 302 W 5th St., Murdo, SD 57559
",43.8869395,-100.7168989
"Oacoma, SD Supercharger, 1000 E Dakota Highway 16, Chamberlain, SD 57365-0000
",43.803197,-99.383371
"Rapid City, SD Supercharger, 2200 N. Maple Ave, Rapid City, SD 57701
",44.1055815,-103.2124486
"Sioux Falls, SD Supercharger, 1900 South Marion Rd, Sioux Falls, SD 57106-3636
",43.5276866,-96.7906096
"Spearfish, SD Supercharger, 3275 Old Belle Rd, Spearfish, SD 57783-6222
",44.520683,-103.890707
"Bristol, TN Supercharger, 416 Pinnacle Parkway, Bristol, TN 
",36.5916756,-82.2612285
"Chattanooga, TN Supercharger, 1001 Airport Road, Chattanooga, TN 37421
",35.0386266,-85.1959445
"Cookeville, TN Supercharger, 377 West Jackson Street, Cookeville, TN 38501-5930
",36.156516,-85.5180936
"Dickson, TN Supercharger, 100 Barzani Blv, Dickson, TN 37055-0000
",36.01849,-87.333013
"Jackson, TN Supercharger, 56 Casey Jones Lane, Jackson, TN 38305-2481
",35.6600167,-88.8563908
"Knoxville Supercharger, 10936 Parkside Dr, Knxoville, TN 37934
",35.9013306,-84.1496494
"Memphis, TN Supercharger, 6073 Park Avenue, Memphis, TN 38119-5322
",35.0978008,-89.8589587
"Nashville-Brentwood, 1641 Westgate Circle, Nashville, TN 37027
",35.969135,-86.804301
"Amarillo Supercharger, 8231 West Amarillo Blvd., Amarillo, TX 79124
",35.1890687,-101.9314765
"Arlington Supercharger, 1200 Ballpark Way, Arlington, TX 76011-5110
",32.7546805,-97.0828163
"Austin, TX Supercharger, 6406 N. Interstate 35 Frontage Road, Austin, TX 78752-0000
",30.329283,-97.706254
"Channelview Supercharger, 16311 East Fwy, Channelview, TX 777530
",29.78459,-95.11007
"Childress Supercharger, 1300 Ave F NW Childress, Texas, Childress, TX 79201
",34.4323127,-100.2186914
"Cisco Supercharger, 16851 IH 20, Cisco, TX 76437
",32.3743144,-99.0072526
"Columbus, TX Supercharger, 2535 Texas 71, Columbus, TX 78934
",29.6901102,-96.5375566
"Corsicana Supercharger, 2035 Interstate 45 Frontage Rd, Corsicana, TX 75109
",32.068619,-96.448289
"Denton Supercharger, 2700 West University Drive, Denton, TX 76201
",33.2313639,-97.1663953
"El Paso Supercharger, 6401 South Desert Boulevard, El Paso, TX 79932-8515
",31.8839207,-106.5835844
"Flatonia Supercharger, 1415 FM 609, Flatonia, TX 78941
",44.2128264,-72.5762553
"Houston-North, 14820 North Fwy, Houston, TX 77090
",29.9807722,-95.4212591
"Huntsville, TX Supercharger, 148 Interstate 45, Huntsville, TX 77340
",30.7161279,-95.5659307
"Italy, TX Supercharger, 1021 Dale Evans Drive, Italy, TX 76651
",32.1949791,-96.8986724
"Junction Supercharger, 2415 N Main Street, Junction, TX 76849-3104
",30.509267,-99.774607
"Kingsville Supercharger, 2400  South US Hwy 77, Kingsville, TX 78363-2844
",27.493805,-97.844381
"Laredo, TX Supercharger, 110 Calle Del Norte Drive, Laredo, TX 78041-9143
",27.555269,-99.494796
"Lindale Supercharger, 17044 I-20, Lindale, TX 75771
",32.4708534,-95.4506787
"McAllen Supercharger, 800 Convention Center Blvd, McAllen,  78501-0018
",26.1985607,-98.2608105
"Midland Supercharger, Love’s Travel Stop, Midland, TX 79706-3525
",31.947375,-102.142178
"Nacogdoches Supercharger, 2615 NW Stallings Dr, Nacogdoches, TX 75964-2629
",31.6518053,-94.6796564
"Ozona Supercharger, 1307 Ave. A, Ozona, TX 76943
",30.7066842,-101.1961499
"San Marcos, TX Supercharger, 3939 Interstate 35, San Marcos, TX 78666
",29.8276872,-97.9796684
"Shamrock Supercharger, 107 East 12th Street, Shamrock, TX 79079
",35.2268733,-100.2483991
"Sulphur Springs Supercharger, 300 W Tomlinson Street, Sulphur Springs, TX 75482
",33.1371701,-95.6032481
"Sweetwater Supercharger, 300 SE Georgia Ave., Sweetwater, TX 79556
",32.4505905,-100.3925002
"Texarkana Supercharger, 3101 Mall Drive, Texarkana, TX 75503-2434
",33.4600206,-94.0773995
"Three Rivers Supercharger, 2645 S. Hwy 37, Three Rivers, TX 78071
",28.521839,-98.1854092
"Van Horn Supercharger, 1921 Frontage Rd, Van Horn, TX 79855
",31.0344265,-104.8614046
"Victoria Supercharger, 3107 S Laurent St., Victoria, TX 77901
",28.7669583,-96.9790051
"Waco Supercharger, 701 Interstate 35, Bellmead, TX 76705
",31.582313,-97.1092096
"Beaver, UT Supercharger, Littlefield Interchange, Beaver, UT 84713
",38.2489918,-112.6525268
"Blanding, UT Supercharger, 12 N Grayson Parkway, Blanding, UT 84511
",37.6255684,-109.4738655
"Green River, UT Supercharger, 1765 East Main, Green River, UT 84525
",38.9935825,-110.1405143
"Moab, UT Supercharger, 16 South Main Street, Moab, UT 84532
",38.5731262,-109.5523097
"Nephi, UT Supercharger, 2100 S Main Street, Nephi, UT 84648
",39.678101,-111.8409149
"Price Supercharger, 925 Westwood Blvd., Price, UT 84501
",39.6007752,-110.8316993
"Richfield, UT Supercharger, 20 W 1400 N, Richfield, UT 84701
",38.7879295,-112.0853791
"Salt Lake City-S. State Street, 2312 South State Street, South Salt Lake City, UT 84115
",40.7206131,-111.8888156
"St. George Supercharger, 1091 N Bluff St, St. George, UT 84770
",37.1264421,-113.6017668
"Tooele Supercharger, 1568 East Saddleback Blvd., Tooele, UT 84074
",40.684465,-112.269052
"Tremonton Supercharger, 2145 W Main Street, Tremonton, UT 84337
",41.7099451,-112.1985774
"Berlin, VT Supercharger, 213 Paine Turnpike N, Berlin, VT 05602
",44.2128264,-72.5762553
"Brattleboro Supercharger, 499 Canal Street, Brattleboro, VT 5301
",42.8390594,-72.5668822
"South Burlington Supercharger, 222 Dorset Street, South Burlington, VT 05043
",44.4628237,-73.1793189
"Charlottesville, VA Supercharger, 2100 Hydraulic Road, Charlottesville, Virgina 22901-0000
",38.0673201,-78.4930928
"Chester Supercharger, 11701 Jefferson Davis Highway, Chester, VA 23831
",37.3673511,-77.4169673
"Glen Allen, VA Supercharger, 9950 Brook Rd, Glen Allen, VA 23059
",37.6697923,-77.461503
"Lexington Supercharger, 880 N Lee Hwy, Lexington, VA 24450
",37.7970197,-79.4189895
"Mt. Jackson, VA Supercharger, 227 Conicville Rd, Mt. Jackson, VA 22842
",38.7602417,-78.6311195
"Norfolk Supercharger, 5900 E Virginia Beach Blvd, Norfolk, VA 23502
",36.8605204,-76.2073749
"Richmond, VA Supercharger, 4441 S Laburnum Ave, Richmond, VA 23231-0000
",37.529953,-77.353904
"South Hill, VA Supercharger, 1791 North Mecklenburg Avenue, South Hill, VA 23970
",36.7483035,-78.1036949
"Strasburg Supercharger, 119 Hite Lane, Strasburg, VA 22657
",39.0052144,-78.3378302
"Woodbridge Supercharger, 2700 Potomac Mills Circle, Woodbridge, VA 22192
",38.6408382,-77.2963031
"Wytheville Supercharger, 165 Malin Drive, Wytheville, VA 24382
",36.9462562,-81.0548087
"Aberdeen Supercharger, 416 Wishkah Street, Aberdeen, WA 98520-4133
",46.976566,-123.8137672
"Arlington, WA Supercharger, 3438 Stoluckquamish Lane, Arlington, WA 
",48.2124555,-122.1835034
"Burlington, WA Supercharger, 9384 Old Highway 99 North, Burlington, WA 98233
",48.5097097,-122.3386702
"Centralia Supercharger, 1200 Lum Rd, Centralia, WA 98531
",46.7297002,-122.9774621
"Ellensburg Supercharger, 1620 Canyon Rd, Ellensburg, WA 98926
",46.9769151,-120.5416401
"Kennewick Supercharger, 2811 West 10th Ave, Kennewick, WA 99336
",46.1980886,-119.1627964
"Lynnwood, WA Supercharger, 2902 164th Street SW, Lynnwood, WA 98087
",47.847454,-122.2730248
"Monroe, WA Supercharger, 18805 US-2, Monroe, WA 
",47.862761,-121.97672
"Ritzville Supercharger, 105 W Galbreath Way, Ritzville, WA 99169
",47.1162928,-118.3683189
"Sequim Supercharger, 1441 E Washington Street, Sequim, WA 98382-3503
",48.0711465,-123.0741739
"Charleston, WV Supercharger, 2 Kanawha Boulevard E, Charleston, WV 25301
",38.3548619,-81.6430414
"Huntington, WV Supercharger, 432 18th Street West, Huntington, WV 25704-1509
",38.4109686,-82.4871623
"Morgantown Supercharger, 21 Asturias Lane, Morgantown, WV 26508-1324
",39.5791267,-79.9534639
"Weston, WV Supercharger, 39 Berlin Road, Weston, WV 26452-8367
",39.019343,-80.417011
"Martinsburg, WV Supercharger, 1465  Edwin Miller Blvd, Martinsburg, WV 25401
",39.4855275,-77.9570471
"Triadelphia, WV Supercharger, 35 Bob Wise Drive, Triadelphia, WV 26059
",40.060798,-80.602746
"Eau Claire, WI Supercharger, 4601 Keystone Crossing, Eau Claire, WI 54701
",44.7708901,-91.4370932
"Howard, WI Supercharger, 2015 Shawano Avenue, Howard, Wisconsin 54303-2606
",44.536283,-88.077717
"La Crosse Supercharger, 2845 Midwest Dr, Onalaska, WI 54650
",43.8790163,-91.1890683
"Madison, WI - E. Washington Ave. Supercharger, 3801 E. Washington Ave, Madison, WI 53704
",43.117795,-89.318323
"Madison, WI Supercharger, 89 East Towne Mall, Madison, WI 53704
",43.1266446,-89.3069064
"Mauston, WI Supercharger, 640 McEvoy St, Mauston, WI 53948
",43.7954612,-90.0593456
"Oak Creek, WI Supercharger, 171 West Town Square Way, Oak Creek, WI 53154-6801
",42.899992,-87.913798
"Oshkosh, WI Supercharger, 2415 Westowne Avenue, Oshkosh, WI 54904-7776
",44.0288082,-88.5925455
"Pleasant Prairie, WI Supercharger, 11211 120th Ave, Pleasant Prairie, WI 53158
",42.5187187,-87.9504623
"Sheboygan Supercharger, 595 S Taylor Drive, Sheboygan, WI 53081
",43.7499963,-87.7471727
"Wausau, WI - North Mountain Rd Supercharger, 2101 North Mountain Rd, Wausau, WI 54401-8117
",44.931204,-89.6624
"Cheyenne, WY Supercharger, 1400 Dell Range Blvd., Cheyenne, WY 82009
",41.161059,-104.8049729
"Evanston Supercharger, 101 Wasatch Rd, Evanston, WY 82930-3094
",41.2631803,-110.985328
"Gillette Supercharger, 211 Decker Court, Gillette, WY 82716
",44.29299,-105.5263434
"Jackson Supercharger, 1155 US-89, Jackson, WY 83001
",43.4638306,-110.7948419
"Laramie, WY Supercharger, 1673 Centennial Drive, Laramie, WY 82070-8417
",41.3252096,-105.6180988
"Lusk, WY Supercharger, 730 S Main St, Lusk, WY 82225
",42.7562336,-104.4526675
"Rawlins Supercharger, 2370 E Cedar St., Rawlins, NY 82301-6026
",41.790946,-107.21028
"Rock Springs Supercharger, 2441 Foothill Blvd, Rock Springs,  82901-5659
",41.580839,-109.262171
"Sheridan Supercharger, 612 North Main Street, Sheridan, WY 82801
",44.8045686,-106.956279
